{
  "acc_known": 0.8825,
  "auroc": 0.2582996875,
  "aupr_in": 0.1287291209916144,
  "aupr_out": 0.6849999683790856,
  "u_recall_at_95_seen_prec": 0.9995
}