{
  "acc_known": 0.9797417271993544,
  "auroc": 0.6183565375302663,
  "aupr_in": 0.023989801357798473,
  "aupr_out": 0.9885914581177956,
  "u_recall_at_95_seen_prec": 0.0
}